Maturity,Coupon,Bid,Asked,Chg,Asked yield
8/31/2026,0.75,99.31,100.00,0.01,0.72
8/31/2026,1.38,99.31,100.00,0.00,1.34
8/31/2026,3.75,99.31,100.00,0.00,3.72
9/15/2026,4.63,100.01,100.02,0.00,3.05
9/30/2026,0.88,99.24,99.25,0.01,3.66
9/30/2026,1.63,99.26,99.27,0.01,3.54
9/30/2026,3.50,99.30,99.31,unch.,3.67
10/15/2026,4.63,100.02,100.03,0.00,3.69
10/31/2026,1.13,99.17,99.18,0.01,3.69
10/31/2026,1.63,99.19,99.20,0.00,3.81
10/31/2026,4.13,100.01,100.02,unch.,3.77
11/15/2026,2.00,99.19,99.20,0.00,3.83
11/15/2026,4.63,100.04,100.05,0.00,3.79
11/15/2026,6.50,100.14,100.15,-0.02,4.16
11/30/2026,1.25,99.11,99.12,0.01,3.79
11/30/2026,1.63,99.14,99.15,0.00,3.78
11/30/2026,4.25,100.02,100.03,0.00,3.78
12/15/2026,4.38,100.05,100.06,0.00,3.73
12/31/2026,1.25,99.04,99.05,0.01,3.81
12/31/2026,1.75,99.09,99.10,-0.01,3.88
12/31/2026,4.25,100.03,100.04,0.00,3.81
1/15/2027,4.00,100.01,100.02,0.00,3.80
1/31/2027,1.50,98.31,99.00,0.00,3.95
1/31/2027,4.13,100.02,100.03,-0.01,3.91
2/15/2027,2.25,99.07,99.08,unch.,3.92
2/15/2027,4.13,100.02,100.03,0.00,3.91
2/15/2027,6.63,101.05,101.06,-0.02,3.97
2/28/2027,1.13,98.19,98.20,0.00,3.91
2/28/2027,1.88,98.31,99.00,unch.,3.91
2/28/2027,4.13,100.02,100.03,-0.01,3.95
3/15/2027,4.25,100.05,100.06,-0.01,3.89
3/31/2027,0.63,98.02,98.03,0.00,3.94
3/31/2027,2.50,99.05,99.06,0.00,3.94
3/31/2027,3.88,99.29,99.30,-0.02,3.98
4/15/2027,4.50,100.09,100.10,-0.01,3.98
4/30/2027,0.50,97.21,97.22,-0.01,4.04
4/30/2027,2.75,99.03,99.04,-0.02,4.07
4/30/2027,3.75,99.24,99.25,-0.02,4.06
5/15/2027,2.38,98.25,98.26,-0.01,4.08
5/15/2027,4.50,100.08,100.09,-0.02,4.08
5/31/2027,0.50,97.11,97.12,-0.01,4.10
5/31/2027,2.63,98.28,98.29,-0.02,4.10
5/31/2027,3.88,99.26,99.27,-0.02,4.09
6/15/2027,4.63,100.12,100.13,-0.02,4.07
6/30/2027,0.50,97.01,97.02,-0.01,4.11
6/30/2027,3.25,99.08,99.09,-0.03,4.13
6/30/2027,3.75,99.21,99.22,-0.02,4.12
7/15/2027,4.38,100.05,100.06,-0.03,4.15
7/31/2027,0.38,96.18,96.19,-0.02,4.20
7/31/2027,2.75,98.22,98.23,-0.02,4.19
7/31/2027,3.88,99.22,99.23,-0.02,4.19
8/15/2027,2.25,98.05,98.06,-0.03,4.20
8/15/2027,3.75,99.17,99.18,-0.03,4.21
8/15/2027,6.38,101.31,102.00,-0.72,4.21
8/31/2027,0.50,96.13,96.14,-0.02,4.18
8/31/2027,3.13,98.29,98.30,-0.72,4.21
8/31/2027,3.63,99.13,99.14,-0.04,4.19
9/15/2027,3.38,99.04,99.05,-0.03,4.20
9/30/2027,0.38,95.30,95.31,-0.71,4.23
9/30/2027,3.50,99.07,99.08,-0.03,4.21
9/30/2027,4.13,99.28,99.29,-0.04,4.22
10/15/2027,3.88,99.18,99.19,-0.04,4.24
10/31/2027,0.50,95.24,95.25,-0.03,4.23
10/31/2027,3.50,99.03,99.04,-0.05,4.26
10/31/2027,4.13,99.27,99.28,-0.03,4.23
11/15/2027,2.25,97.20,97.21,-0.05,4.27
11/15/2027,4.13,99.25,99.26,-0.05,4.27
11/15/2027,6.13,102.04,102.05,-0.05,4.27
11/30/2027,0.63,95.19,95.20,-0.04,4.27
11/30/2027,3.38,98.28,98.29,-0.73,4.27
11/30/2027,3.88,99.16,99.17,-0.05,4.27
12/15/2027,4.00,99.20,99.21,-0.05,4.27
12/31/2027,0.63,95.09,95.10,-0.04,4.28
12/31/2027,3.38,98.25,98.26,-0.05,4.29
12/31/2027,3.88,99.14,99.15,-0.05,4.29
1/15/2028,4.25,99.29,99.30,-0.73,4.29
1/31/2028,0.75,95.05,95.06,-0.05,4.30
1/31/2028,3.50,98.29,98.30,-0.73,4.29
2/15/2028,2.75,97.26,97.27,-0.06,4.30
2/15/2028,4.25,99.29,99.30,-0.73,4.28
2/29/2028,1.13,95.13,95.14,-0.05,4.30
2/29/2028,3.38,98.21,98.22,-0.06,4.29
2/29/2028,4.00,99.17,99.18,-0.06,4.30
3/15/2028,3.88,99.11,99.12,-0.05,4.29
3/31/2028,1.25,95.11,95.12,-0.05,4.31
3/31/2028,3.63,98.30,98.31,-0.73,4.31
3/31/2028,3.88,99.10,99.11,-0.06,4.31
4/15/2028,3.75,99.03,99.04,-0.05,4.31
4/30/2028,1.25,95.03,95.04,-0.05,4.31
4/30/2028,3.50,98.21,98.22,-0.06,4.32
4/30/2028,3.75,99.02,99.03,-0.05,4.31
5/15/2028,2.88,97.20,97.21,-0.06,4.32
5/15/2028,3.75,99.01,99.02,-0.06,4.31
5/31/2028,1.25,94.27,94.28,-0.73,4.32
5/31/2028,3.63,98.25,98.26,-0.06,4.33
5/31/2028,4.00,99.14,99.15,-0.06,4.32
6/15/2028,3.88,99.06,99.07,-0.06,4.33
6/30/2028,1.25,94.19,94.20,-0.05,4.32
6/30/2028,4.00,99.13,99.14,-0.06,4.32
6/30/2028,4.13,99.20,99.21,-0.06,4.32
7/15/2028,3.88,99.05,99.06,-0.06,4.33
7/31/2028,1.00,93.29,93.30,-0.74,4.34
7/31/2028,4.13,99.19,99.20,-0.06,4.33
7/31/2028,4.25,99.26,99.27,-0.74,4.33
8/15/2028,2.88,97.08,97.09,-0.06,4.34
8/15/2028,3.63,98.20,98.21,-0.07,4.34
8/15/2028,5.50,102.02,102.03,-0.07,4.36
8/31/2028,1.13,93.27,93.28,-0.74,4.35
8/31/2028,4.13,99.18,99.19,-0.07,4.34
8/31/2028,4.38,100.01,100.02,-0.07,4.34
9/15/2028,3.38,98.03,98.04,-0.07,4.35
9/30/2028,1.25,93.27,93.28,-0.74,4.36
9/30/2028,4.63,100.16,100.17,-0.07,4.35
10/15/2028,3.50,98.08,98.09,-0.07,4.36
10/31/2028,1.38,93.27,93.28,-0.75,4.37
10/31/2028,4.88,101.01,101.02,-0.07,4.35
11/15/2028,3.13,97.12,97.13,-0.07,4.36
11/15/2028,3.50,98.05,98.06,-0.07,4.37
11/15/2028,5.25,101.26,101.27,-0.76,4.36
11/30/2028,1.50,93.28,93.29,-0.75,4.37
11/30/2028,4.38,100.00,100.01,-0.08,4.36
12/15/2028,3.50,98.03,98.04,-0.08,4.37
12/31/2028,1.38,93.12,93.13,-0.07,4.37
12/31/2028,3.75,98.19,98.20,-0.08,4.37
1/15/2029,3.50,98.00,98.01,-0.08,4.38
1/31/2029,1.75,94.00,94.01,-0.07,4.38
1/31/2029,4.00,99.03,99.04,-0.08,4.38
2/15/2029,2.63,95.29,95.30,-0.76,4.38
2/15/2029,3.50,97.30,97.31,-0.76,4.38
2/15/2029,5.25,102.06,102.07,-0.09,4.29
2/28/2029,1.88,94.04,94.05,-0.07,4.37
2/28/2029,4.25,99.22,99.23,-0.08,4.37
3/15/2029,3.50,97.28,97.29,-0.76,4.38
3/31/2029,2.38,95.03,95.04,-0.08,4.39
3/31/2029,4.13,99.11,99.12,-0.08,4.38
4/15/2029,3.88,98.23,98.24,-0.08,4.38
4/30/2029,2.88,96.06,96.07,-0.08,4.39
4/30/2029,4.63,100.18,100.19,-0.09,4.38
5/15/2029,2.38,94.28,94.29,-0.76,4.38
5/15/2029,3.88,98.21,98.22,-0.09,4.39
5/31/2029,2.75,95.24,95.25,-0.76,4.39
5/31/2029,4.50,100.08,100.09,-0.09,4.39
6/15/2029,4.13,99.09,99.10,-0.09,4.39
6/30/2029,3.25,96.30,96.31,-0.77,4.40
6/30/2029,4.25,99.18,99.19,-0.09,4.40
7/15/2029,4.13,99.08,99.09,-0.09,4.40
7/31/2029,2.63,95.05,95.06,-0.09,4.40
7/31/2029,4.00,98.28,98.29,-0.77,4.40
8/15/2029,1.63,92.13,92.14,-0.08,4.38
8/15/2029,4.25,99.18,99.19,-0.09,4.40
8/15/2029,6.13,104.23,104.24,-0.78,4.39
8/31/2029,3.13,96.13,96.14,-0.09,4.40
8/31/2029,3.63,97.25,97.26,-0.77,4.41
9/30/2029,3.50,97.12,97.13,-0.10,4.41
9/30/2029,3.88,98.14,98.15,-0.10,4.41
10/31/2029,4.00,98.24,98.25,-0.78,4.41
10/31/2029,4.13,99.03,99.04,-0.10,4.42
11/15/2029,1.75,92.03,92.05,-0.08,4.40
11/30/2029,3.88,98.10,98.12,-0.10,4.42
11/30/2029,4.13,99.02,99.03,-0.10,4.42
12/31/2029,3.88,98.08,98.10,-0.10,4.43
12/31/2029,4.38,99.26,99.28,-0.78,4.42
1/31/2030,3.50,97.01,97.02,-0.10,4.43
1/31/2030,4.25,99.12,99.14,-0.10,4.43
2/15/2030,1.50,90.22,90.23,-0.09,4.42
2/28/2030,4.00,98.19,98.21,-0.10,4.42
3/31/2030,3.63,97.09,97.11,-0.10,4.43
3/31/2030,4.00,98.17,98.19,-0.10,4.43
4/30/2030,3.50,96.26,96.28,-0.78,4.43
4/30/2030,3.88,98.03,98.04,-0.10,4.43
5/15/2030,0.63,87.01,87.03,-0.09,4.44
5/15/2030,6.25,106.02,106.04,-0.12,4.44
5/31/2030,3.75,97.19,97.20,-0.11,4.44
5/31/2030,4.00,98.14,98.16,-0.11,4.44
6/30/2030,3.75,97.17,97.18,-0.11,4.45
6/30/2030,3.88,97.31,98.00,-0.79,4.44
7/31/2030,3.88,97.29,97.31,-0.79,4.45
7/31/2030,4.00,98.11,98.13,-0.11,4.45
8/15/2030,0.63,86.07,86.08,-0.10,4.45
8/31/2030,3.63,96.30,96.32,-0.79,4.45
8/31/2030,4.13,98.24,98.26,-0.80,4.45
9/30/2030,3.63,96.29,96.30,-0.79,4.45
9/30/2030,4.63,100.19,100.21,-0.12,4.45
10/31/2030,3.63,96.26,96.28,-0.79,4.45
10/31/2030,4.88,101.17,101.19,-0.12,4.45
11/15/2030,0.88,86.11,86.13,-0.10,4.45
11/30/2030,3.50,96.08,96.10,-0.11,4.46
11/30/2030,4.38,99.20,99.21,-0.80,4.46
12/31/2030,3.63,96.22,96.24,-0.79,4.46
12/31/2030,3.75,97.05,97.07,-0.11,4.46
1/31/2031,3.75,97.04,97.05,-0.11,4.46
1/31/2031,4.00,98.03,98.04,-0.12,4.47
2/15/2031,1.13,86.21,86.23,-0.79,4.44
2/15/2031,5.38,103.21,103.23,-0.81,4.45
2/28/2031,3.50,96.03,96.04,-0.11,4.46
2/28/2031,4.25,99.03,99.04,-0.11,4.46
3/31/2031,3.88,97.17,97.18,-0.12,4.47
3/31/2031,4.13,98.17,98.19,-0.12,4.47
4/30/2031,3.88,97.15,97.17,-0.12,4.47
4/30/2031,4.63,100.19,100.21,-0.12,4.47
5/15/2031,1.63,87.31,88.01,-0.79,4.47
5/31/2031,4.13,98.15,98.17,-0.12,4.47
5/31/2031,4.63,100.18,100.19,-0.12,4.48
6/30/2031,4.13,98.14,98.16,-0.12,4.47
6/30/2031,4.25,98.31,99.00,-0.80,4.48
7/31/2031,4.13,98.12,98.14,-0.12,4.48
7/31/2031,4.38,99.17,99.18,-0.12,4.47
8/15/2031,1.25,85.22,85.23,-0.78,4.49
8/31/2031,3.75,96.22,96.23,-0.80,4.49
9/30/2031,3.63,96.02,96.03,-0.11,4.49
10/31/2031,4.13,98.09,98.10,-0.12,4.49
11/15/2031,1.38,85.17,85.19,-0.11,4.51
11/30/2031,4.13,98.06,98.08,-0.13,4.50
12/31/2031,4.50,99.30,99.32,-0.81,4.50
1/31/2032,4.38,99.10,99.11,-0.12,4.51
2/15/2032,1.88,87.09,87.10,-0.11,4.52
2/29/2032,4.13,98.04,98.05,-0.12,4.50
3/31/2032,4.13,98.01,98.03,-0.12,4.52
4/30/2032,4.00,97.12,97.14,-0.13,4.52
5/15/2032,2.88,91.22,91.24,-0.80,4.53
5/31/2032,4.13,97.30,98.00,-0.80,4.52
6/30/2032,4.00,97.09,97.10,-0.13,4.53
7/31/2032,4.00,97.07,97.08,-0.13,4.53
8/15/2032,2.75,90.22,90.23,-0.80,4.54
8/31/2032,3.88,96.16,96.18,-0.13,4.54
9/30/2032,3.88,96.14,96.16,-0.12,4.54
10/31/2032,3.75,95.22,95.23,-0.81,4.55
11/15/2032,4.13,97.22,97.23,-0.81,4.55
11/30/2032,3.75,95.20,95.21,-0.81,4.55
12/31/2032,3.88,96.08,96.09,-0.12,4.55
1/31/2033,4.00,96.28,96.29,-0.80,4.56
2/15/2033,3.50,94.01,94.03,-0.12,4.57
2/28/2033,3.75,95.14,95.15,-0.13,4.56
3/31/2033,4.25,98.06,98.07,-0.13,4.56
4/30/2033,4.13,97.13,97.15,-0.12,4.57
5/15/2033,3.38,93.02,93.03,-0.13,4.58
5/31/2033,4.25,98.02,98.04,-0.14,4.58
6/30/2033,4.25,98.01,98.03,-0.13,4.58
7/31/2033,4.38,98.23,98.24,-0.81,4.59
8/15/2033,3.88,95.23,95.25,-0.80,4.59
11/15/2033,4.50,99.10,99.12,-0.13,4.60
2/15/2034,4.00,96.02,96.04,-0.13,4.62
5/15/2034,4.38,98.11,98.13,-0.13,4.62
8/15/2034,3.88,94.28,94.30,-0.80,4.64
11/15/2034,4.25,97.06,97.08,-0.13,4.66
2/15/2035,4.63,99.21,99.23,-0.81,4.67
5/15/2035,4.25,96.30,96.32,-0.80,4.67
8/15/2035,4.25,96.25,96.27,-0.81,4.69
11/15/2035,4.00,94.25,94.27,-0.80,4.69
2/15/2036,4.13,95.18,95.20,-0.12,4.70
2/15/2036,4.50,99.03,99.05,-0.13,4.61
5/15/2036,4.38,97.11,97.13,-0.12,4.71
8/15/2036,4.63,99.06,99.08,-0.13,4.72
2/15/2037,4.75,100.17,100.19,-0.12,4.68
5/15/2037,5.00,102.20,102.22,-0.81,4.68
2/15/2038,4.38,97.00,97.02,-0.12,4.71
5/15/2038,4.50,97.23,97.25,-0.80,4.75
2/15/2039,3.50,87.25,87.27,-0.78,4.81
5/15/2039,4.25,94.08,94.10,-0.11,4.85
8/15/2039,4.50,96.08,96.10,-0.12,4.89
11/15/2039,4.38,94.25,94.27,-0.78,4.91
2/15/2040,4.63,97.01,97.03,-0.11,4.92
5/15/2040,1.13,61.25,61.27,-0.06,5.00
5/15/2040,4.38,94.12,94.14,-0.10,4.94
8/15/2040,1.13,61.03,61.05,-0.07,5.03
8/15/2040,3.88,89.03,89.05,-0.09,4.96
11/15/2040,1.38,63.00,63.02,-0.07,5.05
11/15/2040,4.25,92.20,92.22,-0.09,4.97
2/15/2041,1.88,67.20,67.22,-0.06,5.05
2/15/2041,4.75,97.14,97.16,-0.11,5.00
5/15/2041,2.25,70.32,71.02,-0.75,5.07
5/15/2041,4.38,93.11,93.13,-0.10,5.01
8/15/2041,1.75,65.07,65.09,-0.06,5.09
8/15/2041,3.75,86.16,86.18,-0.09,5.04
11/15/2041,3.13,79.15,79.17,-0.07,5.07
11/30/2041,2.00,67.11,67.13,-0.06,5.11
2/15/2042,2.38,70.28,70.30,-0.74,5.12
2/15/2042,3.13,79.02,79.04,-0.07,5.09
5/15/2042,3.00,77.10,77.12,-0.07,5.11
5/15/2042,3.25,80.00,80.02,-0.07,5.11
8/15/2042,2.75,74.06,74.08,-0.06,5.13
8/15/2042,3.38,81.01,81.03,-0.08,5.12
11/15/2042,2.75,73.26,73.28,-0.06,5.15
11/15/2042,4.00,87.20,87.22,-0.08,5.13
2/15/2043,3.13,77.19,77.21,-0.07,5.15
2/15/2043,3.88,85.31,86.01,-0.76,5.14
5/15/2043,2.88,74.15,74.17,-0.07,5.17
5/15/2043,3.88,85.23,85.25,-0.08,5.15
8/15/2043,3.63,82.20,82.22,-0.08,5.17
8/15/2043,4.38,91.07,91.09,-0.09,5.15
11/15/2043,3.75,83.27,83.29,-0.76,5.17
11/15/2043,4.75,95.11,95.13,-0.10,5.15
2/15/2044,3.63,82.04,82.06,-0.08,5.19
2/15/2044,4.50,92.09,92.11,-0.09,5.17
5/15/2044,3.38,79.00,79.02,-0.06,5.20
5/15/2044,4.63,93.20,93.22,-0.08,5.17
8/15/2044,3.13,75.25,75.27,-0.75,5.21
8/15/2044,4.13,87.18,87.20,-0.08,5.19
11/15/2044,3.00,74.01,74.03,-0.06,5.22
11/15/2044,4.63,93.11,93.13,-0.08,5.19
2/15/2045,2.50,67.25,67.27,-0.05,5.24
2/15/2045,4.75,94.24,94.26,-0.08,5.19
5/15/2045,3.00,73.15,73.17,-0.06,5.23
5/15/2045,5.00,97.20,97.22,-0.09,5.20
8/15/2045,2.88,71.21,71.23,-0.06,5.25
8/15/2045,4.88,96.01,96.03,-0.08,5.20
11/15/2045,3.00,72.31,73.01,-0.74,5.24
11/15/2045,4.63,92.29,92.31,-0.76,5.21
2/15/2046,2.50,66.18,66.20,-0.05,5.26
2/15/2046,4.63,92.26,92.28,-0.76,5.21
5/15/2046,2.50,66.10,66.12,-0.05,5.26
5/15/2046,5.00,97.13,97.15,-0.09,5.21
8/15/2046,2.25,62.28,62.30,-0.73,5.28
8/15/2046,5.13,98.30,99.00,-0.77,5.21
11/15/2046,2.88,70.14,70.16,-0.06,5.26
2/15/2047,3.00,71.26,71.28,-0.75,5.26
5/15/2047,3.00,71.19,71.21,-0.07,5.26
8/15/2047,2.75,68.05,68.07,-0.06,5.27
11/15/2047,2.75,67.29,67.31,-0.75,5.28
2/15/2048,3.00,70.29,70.31,-0.74,5.28
5/15/2048,3.13,72.12,72.14,-0.07,5.27
8/15/2048,3.00,70.18,70.20,-0.06,5.28
11/15/2048,3.38,75.10,75.12,-0.07,5.27
2/15/2049,3.00,70.06,70.08,-0.06,5.28
5/15/2049,2.88,68.11,68.13,-0.06,5.28
8/15/2049,2.25,59.24,59.26,-0.06,5.30
11/15/2049,2.38,61.06,61.08,-0.05,5.29
2/15/2050,2.00,55.30,55.32,-0.72,5.30
5/15/2050,1.25,45.20,45.22,-0.04,5.30
8/15/2050,1.38,46.30,47.00,-0.73,5.31
11/15/2050,1.63,50.02,50.04,-0.04,5.31
2/15/2051,1.88,53.08,53.10,-0.05,5.30
5/15/2051,2.38,59.31,60.01,-0.73,5.29
8/15/2051,2.00,54.18,54.20,-0.04,5.30
11/15/2051,1.88,52.18,52.20,-0.05,5.30
2/15/2052,2.25,57.22,57.24,-0.05,5.29
5/15/2052,2.88,66.12,66.14,-0.06,5.28
8/15/2052,3.00,67.32,68.02,-0.74,5.27
11/15/2052,4.00,82.05,82.07,-0.08,5.26
2/15/2053,3.63,76.24,76.26,-0.07,5.26
5/15/2053,3.63,76.22,76.24,-0.07,5.26
8/15/2053,4.13,83.27,83.29,-0.76,5.25
11/15/2053,4.75,92.29,92.31,-0.76,5.24
2/15/2054,4.25,85.19,85.21,-0.08,5.24
5/15/2054,4.63,91.03,91.05,-0.09,5.23
8/15/2054,4.25,85.18,85.20,-0.08,5.24
11/15/2054,4.50,89.07,89.09,-0.09,5.23
2/15/2055,4.63,91.02,91.04,-0.09,5.23
5/15/2055,4.75,92.30,93.00,-0.76,5.22
8/15/2055,4.75,92.30,92.32,-0.77,5.22
11/15/2055,4.63,91.02,91.04,-0.08,5.22
2/15/2056,4.75,93.00,93.02,-0.08,5.21
5/15/2056,5.00,96.27,96.29,-0.76,5.21
8/15/2056,5.13,98.23,98.25,-0.09,5.21
,,,,,
