type,maturity,coupon,bid,ask,price,ytm,ttm_years,id
note,2026-08-31,0.0075,99.96875,100.0,100.0,0.0072,0.010951403148528405,N20260831_8
note,2026-08-31,0.0138,99.96875,100.0,100.0,0.0134,0.010951403148528405,N20260831_14
note,2026-08-31,0.0375,99.96875,100.0,100.0,0.037200000000000004,0.010951403148528405,N20260831_38
bill,2026-09-01,0.0,99.95977777777779,99.9598888888889,99.9598888888889,0.0366,0.013689253935660506,B20260901_0
bill,2026-09-03,0.0,99.93966666666667,99.93983333333334,99.93983333333334,0.0366,0.019164955509924708,B20260903_0
bill,2026-09-08,0.0,99.88877777777778,99.88908333333333,99.88908333333333,0.0368,0.03285420944558522,B20260908_0
bill,2026-09-10,0.0,99.86855555555556,99.86891666666666,99.86891666666666,0.0368,0.038329911019849415,B20260910_0
bill,2026-09-15,0.0,99.818,99.8185,99.8185,0.0368,0.05201916495550993,B20260915_0
note,2026-09-15,0.0463,100.03125,100.0625,100.0625,0.0305,0.05201916495550993,N20260915_46
bill,2026-09-17,0.0,99.79777777777777,99.79833333333333,99.79833333333333,0.0368,0.057494866529774126,B20260917_0
bill,2026-09-22,0.0,99.74652777777779,99.74722222222222,99.74722222222222,0.037000000000000005,0.07118412046543464,B20260922_0
bill,2026-09-24,0.0,99.7255,99.72625000000001,99.72625000000001,0.0371,0.07665982203969883,B20260924_0
bill,2026-09-29,0.0,99.67200000000001,99.67288888888889,99.67288888888889,0.0374,0.09034907597535935,B20260929_0
note,2026-09-30,0.0088,99.75,99.78125,99.78125,0.0366,0.09308692676249145,N20260930_9
note,2026-09-30,0.0163,99.8125,99.84375,99.84375,0.0354,0.09308692676249145,N20260930_16
note,2026-09-30,0.035,99.9375,99.96875,99.96875,0.036699999999999997,0.09308692676249145,N20260930_35
bill,2026-10-01,0.0,99.6515,99.65244444444444,99.65244444444444,0.0374,0.09582477754962354,B20261001_0
bill,2026-10-06,0.0,99.60133333333333,99.60241666666667,99.60241666666667,0.0374,0.10951403148528405,B20261006_0
bill,2026-10-08,0.0,99.57861111111112,99.57975,99.57975,0.037599999999999995,0.11498973305954825,B20261008_0
bill,2026-10-13,0.0,99.5285,99.52977777777777,99.52977777777777,0.0374,0.12867898699520877,B20261013_0
bill,2026-10-15,0.0,99.50666666666666,99.508,99.508,0.0375,0.13415468856947296,B20261015_0
note,2026-10-15,0.0463,100.0625,100.09375,100.09375,0.0369,0.13415468856947296,N20261015_46
bill,2026-10-20,0.0,99.45527777777777,99.45675,99.45675,0.037599999999999995,0.14784394250513347,B20261020_0
bill,2026-10-22,0.0,99.43319444444444,99.43472222222223,99.43472222222223,0.0377,0.15331964407939766,B20261022_0
bill,2026-10-27,0.0,99.38,99.38166666666667,99.38166666666667,0.0378,0.16700889801505817,B20261027_0
bill,2026-10-29,0.0,99.35933333333334,99.36105555555555,99.36105555555555,0.0378,0.17248459958932238,B20261029_0
note,2026-10-31,0.0113,99.53125,99.5625,99.5625,0.0369,0.17796030116358658,N20261031_11
note,2026-10-31,0.0163,99.59375,99.625,99.625,0.0381,0.17796030116358658,N20261031_16
note,2026-10-31,0.041299999999999996,100.03125,100.0625,100.0625,0.0377,0.17796030116358658,N20261031_41
bill,2026-11-03,0.0,99.30952777777777,99.31138888888889,99.31138888888889,0.0378,0.1861738535249829,B20261103_0
bill,2026-11-05,0.0,99.28508333333333,99.287,99.287,0.038,0.19164955509924708,B20261105_0
bill,2026-11-10,0.0,99.23533333333333,99.23738888888889,99.23738888888889,0.0378,0.2053388090349076,B20261110_0
bill,2026-11-12,0.0,99.21255555555555,99.21466666666666,99.21466666666666,0.038,0.2108145106091718,B20261112_0
note,2026-11-15,0.02,99.59375,99.625,99.625,0.0383,0.2190280629705681,N20261115_20
note,2026-11-15,0.0463,100.125,100.15625,100.15625,0.0379,0.2190280629705681,N20261115_46
note,2026-11-15,0.065,100.4375,100.46875,100.46875,0.0416,0.2190280629705681,N20261115_65
bill,2026-11-17,0.0,99.16075,99.163,99.163,0.038,0.2245037645448323,B20261117_0
bill,2026-11-19,0.0,99.13772222222222,99.14002777777777,99.14002777777777,0.0381,0.2299794661190965,B20261119_0
bill,2026-11-24,0.0,99.08577777777778,99.08822222222223,99.08822222222223,0.0382,0.243668720054757,B20261124_0
bill,2026-11-27,0.0,99.05208333333333,99.05461111111111,99.05461111111111,0.0382,0.2518822724161533,B20261127_0
note,2026-11-30,0.0125,99.34375,99.375,99.375,0.0379,0.2600958247775496,N20261130_12
note,2026-11-30,0.0163,99.4375,99.46875,99.46875,0.0378,0.2600958247775496,N20261130_16
note,2026-11-30,0.0425,100.0625,100.09375,100.09375,0.0378,0.2600958247775496,N20261130_42
bill,2026-12-01,0.0,99.01041666666667,99.01305555555555,99.01305555555555,0.0382,0.26283367556468173,B20261201_0
bill,2026-12-03,0.0,98.98958333333333,98.99227777777779,98.99227777777779,0.0382,0.2683093771389459,B20261203_0
bill,2026-12-08,0.0,98.93183333333333,98.93466666666667,98.93466666666667,0.0385,0.28199863107460643,B20261208_0
bill,2026-12-10,0.0,98.91955555555556,98.92244444444445,98.92244444444445,0.0382,0.2874743326488706,B20261210_0
bill,2026-12-15,0.0,98.85852777777778,98.86155555555555,98.86155555555555,0.038599999999999995,0.30116358658453113,B20261215_0
note,2026-12-15,0.0438,100.15625,100.1875,100.1875,0.0373,0.30116358658453113,N20261215_44
bill,2026-12-17,0.0,98.84375,98.84683333333332,98.84683333333332,0.0384,0.3066392881587953,B20261217_0
bill,2026-12-22,0.0,98.77877777777778,98.782,98.782,0.0387,0.3203285420944558,B20261222_0
bill,2026-12-24,0.0,98.75772222222223,98.761,98.761,0.0387,0.3258042436687201,B20261224_0
bill,2026-12-29,0.0,98.69825,98.70166666666667,98.70166666666667,0.039,0.3394934976043806,B20261229_0
bill,2026-12-31,0.0,98.68402777777779,98.6875,98.6875,0.0388,0.34496919917864477,B20261231_0
note,2026-12-31,0.0125,99.125,99.15625,99.15625,0.0381,0.34496919917864477,N20261231_12
note,2026-12-31,0.0175,99.28125,99.3125,99.3125,0.0388,0.34496919917864477,N20261231_18
note,2026-12-31,0.0425,100.09375,100.125,100.125,0.0381,0.34496919917864477,N20261231_42
bill,2027-01-07,0.0,98.61033333333333,98.614,98.614,0.038900000000000004,0.36413415468856947,B20270107_0
bill,2027-01-14,0.0,98.53277777777778,98.53663888888889,98.53663888888889,0.038900000000000004,0.38329911019849416,B20270114_0
note,2027-01-15,0.04,100.03125,100.0625,100.0625,0.038,0.3860369609856263,N20270115_40
bill,2027-01-21,0.0,98.45483333333334,98.45888888888888,98.45888888888888,0.0391,0.4024640657084189,B20270121_0
bill,2027-01-28,0.0,98.38074999999999,98.385,98.385,0.0392,0.4216290212183436,B20270128_0
note,2027-01-31,0.015,98.96875,99.0,99.0,0.0395,0.42984257357973993,N20270131_15
note,2027-01-31,0.041299999999999996,100.0625,100.09375,100.09375,0.0391,0.42984257357973993,N20270131_41
bill,2027-02-04,0.0,98.29777777777777,98.30222222222223,98.30222222222223,0.0393,0.4407939767282683,B20270204_0
bill,2027-02-11,0.0,98.21866666666666,98.22330555555556,98.22330555555556,0.0395,0.459958932238193,B20270211_0
note,2027-02-15,0.0225,99.21875,99.25,99.25,0.0392,0.47091033538672145,N20270215_22
note,2027-02-15,0.041299999999999996,100.0625,100.09375,100.09375,0.0391,0.47091033538672145,N20270215_41
note,2027-02-15,0.0663,101.15625,101.1875,101.1875,0.0397,0.47091033538672145,N20270215_66
bill,2027-02-18,0.0,98.13916666666667,98.14399999999999,98.14399999999999,0.0397,0.4791238877481177,B20270218_0
bill,2027-02-25,0.0,98.05927777777778,98.06430555555555,98.06430555555555,0.0397,0.49828884325804246,B20270225_0
note,2027-02-28,0.0113,98.59375,98.625,98.625,0.0391,0.5065023956194388,N20270228_11
note,2027-02-28,0.018799999999999997,98.96875,99.0,99.0,0.0391,0.5065023956194388,N20270228_19
note,2027-02-28,0.041299999999999996,100.0625,100.09375,100.09375,0.0395,0.5065023956194388,N20270228_41
note,2027-03-15,0.0425,100.15625,100.1875,100.1875,0.038900000000000004,0.5475701574264202,N20270315_42
bill,2027-03-18,0.0,97.88461111111111,97.89022222222222,97.89022222222222,0.0385,0.5557837097878165,B20270318_0
note,2027-03-31,0.0063,98.0625,98.09375,98.09375,0.0394,0.5913757700205339,N20270331_6
note,2027-03-31,0.025,99.15625,99.1875,99.1875,0.0394,0.5913757700205339,N20270331_25
note,2027-03-31,0.0388,99.90625,99.9375,99.9375,0.0398,0.5913757700205339,N20270331_39
bill,2027-04-15,0.0,97.53388888888888,97.54027777777777,97.54027777777777,0.039599999999999996,0.6324435318275154,B20270415_0
note,2027-04-15,0.045,100.28125,100.3125,100.3125,0.0398,0.6324435318275154,N20270415_45
note,2027-04-30,0.005,97.65625,97.6875,97.6875,0.0404,0.6735112936344969,N20270430_5
note,2027-04-30,0.0275,99.09375,99.125,99.125,0.0407,0.6735112936344969,N20270430_28
note,2027-04-30,0.0375,99.75,99.78125,99.78125,0.0406,0.6735112936344969,N20270430_38
bill,2027-05-13,0.0,97.248,97.25516666666667,97.25516666666667,0.0395,0.7091033538672142,B20270513_0
note,2027-05-15,0.023799999999999998,98.78125,98.8125,98.8125,0.0408,0.7145790554414785,N20270515_24
note,2027-05-15,0.045,100.25,100.28125,100.28125,0.0408,0.7145790554414785,N20270515_45
note,2027-05-31,0.005,97.34375,97.375,97.375,0.040999999999999995,0.758384668035592,N20270531_5
note,2027-05-31,0.0263,98.875,98.90625,98.90625,0.040999999999999995,0.758384668035592,N20270531_26
note,2027-05-31,0.0388,99.8125,99.84375,99.84375,0.0409,0.758384668035592,N20270531_39
bill,2027-06-10,0.0,96.90166666666667,96.90961111111112,96.90961111111112,0.04019999999999999,0.785763175906913,B20270610_0
note,2027-06-15,0.0463,100.375,100.40625,100.40625,0.0407,0.7994524298425736,N20270615_46
note,2027-06-30,0.005,97.03125,97.0625,97.0625,0.041100000000000005,0.840520191649555,N20270630_5
note,2027-06-30,0.0325,99.25,99.28125,99.28125,0.041299999999999996,0.840520191649555,N20270630_32
note,2027-06-30,0.0375,99.65625,99.6875,99.6875,0.0412,0.840520191649555,N20270630_38
bill,2027-07-08,0.0,96.57216666666667,96.5808888888889,96.5808888888889,0.0407,0.8624229979466119,B20270708_0
note,2027-07-15,0.0438,100.15625,100.1875,100.1875,0.0415,0.8815879534565366,N20270715_44
note,2027-07-31,0.0038,96.5625,96.59375,96.59375,0.042,0.9253935660506503,N20270731_4
note,2027-07-31,0.0275,98.6875,98.71875,98.71875,0.04190000000000001,0.9253935660506503,N20270731_28
note,2027-07-31,0.0388,99.6875,99.71875,99.71875,0.04190000000000001,0.9253935660506503,N20270731_39
bill,2027-08-05,0.0,96.22850000000001,96.238,96.238,0.0412,0.9390828199863107,B20270805_0
note,2027-08-15,0.0225,98.15625,98.1875,98.1875,0.042,0.9664613278576317,N20270815_22
note,2027-08-15,0.0375,99.53125,99.5625,99.5625,0.0421,0.9664613278576317,N20270815_38
note,2027-08-15,0.0638,101.96875,102.0,102.0,0.0421,0.9664613278576317,N20270815_64
note,2027-08-31,0.005,96.40625,96.4375,96.4375,0.0418,1.0102669404517455,N20270831_5
note,2027-08-31,0.0313,98.90625,98.9375,98.9375,0.0421,1.0102669404517455,N20270831_31
note,2027-08-31,0.0363,99.40625,99.4375,99.4375,0.04190000000000001,1.0102669404517455,N20270831_36
note,2027-09-15,0.0338,99.125,99.15625,99.15625,0.042,1.051334702258727,N20270915_34
note,2027-09-30,0.0038,95.9375,95.96875,95.96875,0.042300000000000004,1.0924024640657084,N20270930_4
note,2027-09-30,0.035,99.21875,99.25,99.25,0.0421,1.0924024640657084,N20270930_35
note,2027-09-30,0.041299999999999996,99.875,99.90625,99.90625,0.042199999999999994,1.0924024640657084,N20270930_41
note,2027-10-15,0.0388,99.5625,99.59375,99.59375,0.0424,1.1334702258726899,N20271015_39
note,2027-10-31,0.005,95.75,95.78125,95.78125,0.042300000000000004,1.1772758384668036,N20271031_5
note,2027-10-31,0.035,99.09375,99.125,99.125,0.0426,1.1772758384668036,N20271031_35
note,2027-10-31,0.041299999999999996,99.84375,99.875,99.875,0.042300000000000004,1.1772758384668036,N20271031_41
note,2027-11-15,0.0225,97.625,97.65625,97.65625,0.042699999999999995,1.218343600273785,N20271115_22
note,2027-11-15,0.041299999999999996,99.78125,99.8125,99.8125,0.042699999999999995,1.218343600273785,N20271115_41
note,2027-11-15,0.0613,102.125,102.15625,102.15625,0.042699999999999995,1.218343600273785,N20271115_61
note,2027-11-30,0.0063,95.59375,95.625,95.625,0.042699999999999995,1.2594113620807665,N20271130_6
note,2027-11-30,0.0338,98.875,98.90625,98.90625,0.042699999999999995,1.2594113620807665,N20271130_34
note,2027-11-30,0.0388,99.5,99.53125,99.53125,0.042699999999999995,1.2594113620807665,N20271130_39
note,2027-12-15,0.04,99.625,99.65625,99.65625,0.042699999999999995,1.3004791238877482,N20271215_40
note,2027-12-31,0.0063,95.28125,95.3125,95.3125,0.042800000000000005,1.3442847364818618,N20271231_6
note,2027-12-31,0.0338,98.78125,98.8125,98.8125,0.0429,1.3442847364818618,N20271231_34
note,2027-12-31,0.0388,99.4375,99.46875,99.46875,0.0429,1.3442847364818618,N20271231_39
note,2028-01-15,0.0425,99.90625,99.9375,99.9375,0.0429,1.3853524982888432,N20280115_42
note,2028-01-31,0.0075,95.15625,95.1875,95.1875,0.043,1.429158110882957,N20280131_8
note,2028-01-31,0.035,98.90625,98.9375,98.9375,0.0429,1.429158110882957,N20280131_35
note,2028-02-15,0.0275,97.8125,97.84375,97.84375,0.043,1.4702258726899384,N20280215_28
note,2028-02-15,0.0425,99.90625,99.9375,99.9375,0.042800000000000005,1.4702258726899384,N20280215_42
note,2028-02-29,0.0113,95.40625,95.4375,95.4375,0.043,1.5085557837097878,N20280229_11
note,2028-02-29,0.0338,98.65625,98.6875,98.6875,0.0429,1.5085557837097878,N20280229_34
note,2028-02-29,0.04,99.53125,99.5625,99.5625,0.043,1.5085557837097878,N20280229_40
note,2028-03-15,0.0388,99.34375,99.375,99.375,0.0429,1.5496235455167693,N20280315_39
note,2028-03-31,0.0125,95.34375,95.375,95.375,0.0431,1.593429158110883,N20280331_12
note,2028-03-31,0.0363,98.9375,98.96875,98.96875,0.0431,1.593429158110883,N20280331_36
note,2028-03-31,0.0388,99.3125,99.34375,99.34375,0.0431,1.593429158110883,N20280331_39
note,2028-04-15,0.0375,99.09375,99.125,99.125,0.0431,1.6344969199178645,N20280415_38
note,2028-04-30,0.0125,95.09375,95.125,95.125,0.0431,1.675564681724846,N20280430_12
note,2028-04-30,0.035,98.65625,98.6875,98.6875,0.0432,1.675564681724846,N20280430_35
note,2028-04-30,0.0375,99.0625,99.09375,99.09375,0.0431,1.675564681724846,N20280430_38
note,2028-05-15,0.0288,97.625,97.65625,97.65625,0.0432,1.7166324435318274,N20280515_29
note,2028-05-15,0.0375,99.03125,99.0625,99.0625,0.0431,1.7166324435318274,N20280515_38
note,2028-05-31,0.0125,94.84375,94.875,94.875,0.0432,1.7604380561259412,N20280531_12
note,2028-05-31,0.0363,98.78125,98.8125,98.8125,0.0433,1.7604380561259412,N20280531_36
note,2028-05-31,0.04,99.4375,99.46875,99.46875,0.0432,1.7604380561259412,N20280531_40
note,2028-06-15,0.0388,99.1875,99.21875,99.21875,0.0433,1.8015058179329226,N20280615_39
note,2028-06-30,0.0125,94.59375,94.625,94.625,0.0432,1.842573579739904,N20280630_12
note,2028-06-30,0.04,99.40625,99.4375,99.4375,0.0432,1.842573579739904,N20280630_40
note,2028-06-30,0.041299999999999996,99.625,99.65625,99.65625,0.0432,1.842573579739904,N20280630_41
note,2028-07-15,0.0388,99.15625,99.1875,99.1875,0.0433,1.8836413415468858,N20280715_39
note,2028-07-31,0.01,93.90625,93.9375,93.9375,0.0434,1.9274469541409993,N20280731_10
note,2028-07-31,0.041299999999999996,99.59375,99.625,99.625,0.0433,1.9274469541409993,N20280731_41
note,2028-07-31,0.0425,99.8125,99.84375,99.84375,0.0433,1.9274469541409993,N20280731_42
note,2028-08-15,0.0288,97.25,97.28125,97.28125,0.0434,1.9685147159479808,N20280815_29
note,2028-08-15,0.0363,98.625,98.65625,98.65625,0.0434,1.9685147159479808,N20280815_36
note,2028-08-15,0.055,102.0625,102.09375,102.09375,0.0436,1.9685147159479808,N20280815_55
note,2028-08-31,0.0113,93.84375,93.875,93.875,0.0435,2.0123203285420943,N20280831_11
note,2028-08-31,0.041299999999999996,99.5625,99.59375,99.59375,0.0434,2.0123203285420943,N20280831_41
note,2028-08-31,0.0438,100.03125,100.0625,100.0625,0.0434,2.0123203285420943,N20280831_44
note,2028-09-15,0.0338,98.09375,98.125,98.125,0.0435,2.0533880903490758,N20280915_34
note,2028-09-30,0.0125,93.84375,93.875,93.875,0.0436,2.0944558521560577,N20280930_12
note,2028-09-30,0.0463,100.5,100.53125,100.53125,0.0435,2.0944558521560577,N20280930_46
note,2028-10-15,0.035,98.25,98.28125,98.28125,0.0436,2.135523613963039,N20281015_35
note,2028-10-31,0.0138,93.84375,93.875,93.875,0.0437,2.1793292265571527,N20281031_14
note,2028-10-31,0.048799999999999996,101.03125,101.0625,101.0625,0.0435,2.1793292265571527,N20281031_49
note,2028-11-15,0.0313,97.375,97.40625,97.40625,0.0436,2.220396988364134,N20281115_31
note,2028-11-15,0.035,98.15625,98.1875,98.1875,0.0437,2.220396988364134,N20281115_35
note,2028-11-15,0.0525,101.8125,101.84375,101.84375,0.0436,2.220396988364134,N20281115_52
note,2028-11-30,0.015,93.875,93.90625,93.90625,0.0437,2.2614647501711156,N20281130_15
note,2028-11-30,0.0438,100.0,100.03125,100.03125,0.0436,2.2614647501711156,N20281130_44
note,2028-12-15,0.035,98.09375,98.125,98.125,0.0437,2.302532511978097,N20281215_35
note,2028-12-31,0.0138,93.375,93.40625,93.40625,0.0437,2.346338124572211,N20281231_14
note,2028-12-31,0.0375,98.59375,98.625,98.625,0.0437,2.346338124572211,N20281231_38
note,2029-01-15,0.035,98.0,98.03125,98.03125,0.0438,2.3874058863791925,N20290115_35
note,2029-01-31,0.0175,94.0,94.03125,94.03125,0.0438,2.431211498973306,N20290131_18
note,2029-01-31,0.04,99.09375,99.125,99.125,0.0438,2.431211498973306,N20290131_40
note,2029-02-15,0.0263,95.90625,95.9375,95.9375,0.0438,2.4722792607802875,N20290215_26
note,2029-02-15,0.035,97.9375,97.96875,97.96875,0.0438,2.4722792607802875,N20290215_35
note,2029-02-15,0.0525,102.1875,102.21875,102.21875,0.0429,2.4722792607802875,N20290215_52
note,2029-02-28,0.018799999999999997,94.125,94.15625,94.15625,0.0437,2.507871321013005,N20290228_19
note,2029-02-28,0.0425,99.6875,99.71875,99.71875,0.0437,2.507871321013005,N20290228_42
note,2029-03-15,0.035,97.875,97.90625,97.90625,0.0438,2.5489390828199863,N20290315_35
note,2029-03-31,0.023799999999999998,95.09375,95.125,95.125,0.043899999999999995,2.5927446954141,N20290331_24
note,2029-03-31,0.041299999999999996,99.34375,99.375,99.375,0.0438,2.5927446954141,N20290331_41
note,2029-04-15,0.0388,98.71875,98.75,98.75,0.0438,2.6338124572210813,N20290415_39
note,2029-04-30,0.0288,96.1875,96.21875,96.21875,0.043899999999999995,2.674880219028063,N20290430_29
note,2029-04-30,0.0463,100.5625,100.59375,100.59375,0.0438,2.674880219028063,N20290430_46
note,2029-05-15,0.023799999999999998,94.875,94.90625,94.90625,0.0438,2.7159479808350446,N20290515_24
note,2029-05-15,0.0388,98.65625,98.6875,98.6875,0.043899999999999995,2.7159479808350446,N20290515_39
note,2029-05-31,0.0275,95.75,95.78125,95.78125,0.043899999999999995,2.759753593429158,N20290531_28
note,2029-05-31,0.045,100.25,100.28125,100.28125,0.043899999999999995,2.759753593429158,N20290531_45
note,2029-06-15,0.041299999999999996,99.28125,99.3125,99.3125,0.043899999999999995,2.8008213552361396,N20290615_41
note,2029-06-30,0.0325,96.9375,96.96875,96.96875,0.044000000000000004,2.841889117043121,N20290630_32
note,2029-06-30,0.0425,99.5625,99.59375,99.59375,0.044000000000000004,2.841889117043121,N20290630_42
note,2029-07-15,0.041299999999999996,99.25,99.28125,99.28125,0.044000000000000004,2.8829568788501025,N20290715_41
note,2029-07-31,0.0263,95.15625,95.1875,95.1875,0.044000000000000004,2.926762491444216,N20290731_26
note,2029-07-31,0.04,98.875,98.90625,98.90625,0.044000000000000004,2.926762491444216,N20290731_40
note,2029-08-15,0.0163,92.40625,92.4375,92.4375,0.0438,2.967830253251198,N20290815_16
note,2029-08-15,0.0425,99.5625,99.59375,99.59375,0.044000000000000004,2.967830253251198,N20290815_42
note,2029-08-15,0.0613,104.71875,104.75,104.75,0.043899999999999995,2.967830253251198,N20290815_61
note,2029-08-31,0.0313,96.40625,96.4375,96.4375,0.044000000000000004,3.0116358658453115,N20290831_31
note,2029-08-31,0.0363,97.78125,97.8125,97.8125,0.0441,3.0116358658453115,N20290831_36
note,2029-09-30,0.035,97.375,97.40625,97.40625,0.0441,3.0937713894592744,N20290930_35
note,2029-09-30,0.0388,98.4375,98.46875,98.46875,0.0441,3.0937713894592744,N20290930_39
note,2029-10-31,0.04,98.75,98.78125,98.78125,0.0441,3.1786447638603694,N20291031_40
note,2029-10-31,0.041299999999999996,99.09375,99.125,99.125,0.044199999999999996,3.1786447638603694,N20291031_41
note,2029-11-15,0.0175,92.09375,92.15625,92.15625,0.044000000000000004,3.2197125256673513,N20291115_18
note,2029-11-30,0.0388,98.3125,98.375,98.375,0.044199999999999996,3.260780287474333,N20291130_39
note,2029-11-30,0.041299999999999996,99.0625,99.09375,99.09375,0.044199999999999996,3.260780287474333,N20291130_41
note,2029-12-31,0.0388,98.25,98.3125,98.3125,0.0443,3.345653661875428,N20291231_39
note,2029-12-31,0.0438,99.8125,99.875,99.875,0.044199999999999996,3.345653661875428,N20291231_44
note,2030-01-31,0.035,97.03125,97.0625,97.0625,0.0443,3.430527036276523,N20300131_35
note,2030-01-31,0.0425,99.375,99.4375,99.4375,0.0443,3.430527036276523,N20300131_42
note,2030-02-15,0.015,90.6875,90.71875,90.71875,0.044199999999999996,3.4715947980835042,N20300215_15
note,2030-02-28,0.04,98.59375,98.65625,98.65625,0.044199999999999996,3.5071868583162216,N20300228_40
note,2030-03-31,0.0363,97.28125,97.34375,97.34375,0.0443,3.592060232717317,N20300331_36
note,2030-03-31,0.04,98.53125,98.59375,98.59375,0.0443,3.592060232717317,N20300331_40
note,2030-04-30,0.035,96.8125,96.875,96.875,0.0443,3.67419575633128,N20300430_35
note,2030-04-30,0.0388,98.09375,98.125,98.125,0.0443,3.67419575633128,N20300430_39
note,2030-05-15,0.0063,87.03125,87.09375,87.09375,0.0444,3.7152635181382614,N20300515_6
note,2030-05-15,0.0625,106.0625,106.125,106.125,0.0444,3.7152635181382614,N20300515_62
note,2030-05-31,0.0375,97.59375,97.625,97.625,0.0444,3.759069130732375,N20300531_38
note,2030-05-31,0.04,98.4375,98.5,98.5,0.0444,3.759069130732375,N20300531_40
note,2030-06-30,0.0375,97.53125,97.5625,97.5625,0.044500000000000005,3.8412046543463383,N20300630_38
note,2030-06-30,0.0388,97.96875,98.0,98.0,0.0444,3.8412046543463383,N20300630_39
note,2030-07-31,0.0388,97.90625,97.96875,97.96875,0.044500000000000005,3.9260780287474333,N20300731_39
note,2030-07-31,0.04,98.34375,98.40625,98.40625,0.044500000000000005,3.9260780287474333,N20300731_40
note,2030-08-15,0.0063,86.21875,86.25,86.25,0.044500000000000005,3.9671457905544147,N20300815_6
note,2030-08-31,0.0363,96.9375,97.0,97.0,0.044500000000000005,4.010951403148528,N20300831_36
note,2030-08-31,0.041299999999999996,98.75,98.8125,98.8125,0.044500000000000005,4.010951403148528,N20300831_41
note,2030-09-30,0.0363,96.90625,96.9375,96.9375,0.044500000000000005,4.093086926762491,N20300930_36
note,2030-09-30,0.0463,100.59375,100.65625,100.65625,0.044500000000000005,4.093086926762491,N20300930_46
note,2030-10-31,0.0363,96.8125,96.875,96.875,0.044500000000000005,4.177960301163586,N20301031_36
note,2030-10-31,0.048799999999999996,101.53125,101.59375,101.59375,0.044500000000000005,4.177960301163586,N20301031_49
note,2030-11-15,0.0088,86.34375,86.40625,86.40625,0.044500000000000005,4.219028062970568,N20301115_9
note,2030-11-30,0.035,96.25,96.3125,96.3125,0.0446,4.26009582477755,N20301130_35
note,2030-11-30,0.0438,99.625,99.65625,99.65625,0.0446,4.26009582477755,N20301130_44
note,2030-12-31,0.0363,96.6875,96.75,96.75,0.0446,4.344969199178645,N20301231_36
note,2030-12-31,0.0375,97.15625,97.21875,97.21875,0.0446,4.344969199178645,N20301231_38
note,2031-01-31,0.0375,97.125,97.15625,97.15625,0.0446,4.42984257357974,N20310131_38
note,2031-01-31,0.04,98.09375,98.125,98.125,0.0447,4.42984257357974,N20310131_40
note,2031-02-15,0.0113,86.65625,86.71875,86.71875,0.0444,4.470910335386721,N20310215_11
note,2031-02-15,0.0538,103.65625,103.71875,103.71875,0.044500000000000005,4.470910335386721,N20310215_54
note,2031-02-28,0.035,96.09375,96.125,96.125,0.0446,4.506502395619439,N20310228_35
note,2031-02-28,0.0425,99.09375,99.125,99.125,0.0446,4.506502395619439,N20310228_42
note,2031-03-31,0.0388,97.53125,97.5625,97.5625,0.0447,4.591375770020534,N20310331_39
note,2031-03-31,0.041299999999999996,98.53125,98.59375,98.59375,0.0447,4.591375770020534,N20310331_41
note,2031-04-30,0.0388,97.46875,97.53125,97.53125,0.0447,4.673511293634497,N20310430_39
note,2031-04-30,0.0463,100.59375,100.65625,100.65625,0.0447,4.673511293634497,N20310430_46
note,2031-05-15,0.0163,87.96875,88.03125,88.03125,0.0447,4.714579055441479,N20310515_16
note,2031-05-31,0.041299999999999996,98.46875,98.53125,98.53125,0.0447,4.758384668035592,N20310531_41
note,2031-05-31,0.0463,100.5625,100.59375,100.59375,0.044800000000000006,4.758384668035592,N20310531_46
note,2031-06-30,0.041299999999999996,98.4375,98.5,98.5,0.0447,4.8405201916495555,N20310630_41
note,2031-06-30,0.0425,98.96875,99.0,99.0,0.044800000000000006,4.8405201916495555,N20310630_42
note,2031-07-31,0.041299999999999996,98.375,98.4375,98.4375,0.044800000000000006,4.9253935660506505,N20310731_41
note,2031-07-31,0.0438,99.53125,99.5625,99.5625,0.0447,4.9253935660506505,N20310731_44
note,2031-08-15,0.0125,85.6875,85.71875,85.71875,0.0449,4.9664613278576315,N20310815_12
note,2031-08-31,0.0375,96.6875,96.71875,96.71875,0.0449,5.0102669404517455,N20310831_38
note,2031-09-30,0.0363,96.0625,96.09375,96.09375,0.0449,5.092402464065708,N20310930_36
note,2031-10-31,0.041299999999999996,98.28125,98.3125,98.3125,0.0449,5.177275838466803,N20311031_41
note,2031-11-15,0.0138,85.53125,85.59375,85.59375,0.0451,5.218343600273785,N20311115_14
note,2031-11-30,0.041299999999999996,98.1875,98.25,98.25,0.045,5.259411362080766,N20311130_41
note,2031-12-31,0.045,99.9375,100.0,100.0,0.045,5.344284736481861,N20311231_45
note,2032-01-31,0.0438,99.3125,99.34375,99.34375,0.0451,5.429158110882957,N20320131_44
note,2032-02-15,0.018799999999999997,87.28125,87.3125,87.3125,0.0452,5.470225872689938,N20320215_19
note,2032-02-29,0.041299999999999996,98.125,98.15625,98.15625,0.045,5.508555783709788,N20320229_41
note,2032-03-31,0.041299999999999996,98.03125,98.09375,98.09375,0.0452,5.593429158110883,N20320331_41
note,2032-04-30,0.04,97.375,97.4375,97.4375,0.0452,5.675564681724846,N20320430_40
note,2032-05-15,0.0288,91.6875,91.75,91.75,0.0453,5.716632443531828,N20320515_29
note,2032-05-31,0.041299999999999996,97.9375,98.0,98.0,0.0452,5.760438056125941,N20320531_41
note,2032-06-30,0.04,97.28125,97.3125,97.3125,0.0453,5.842573579739904,N20320630_40
note,2032-07-31,0.04,97.21875,97.25,97.25,0.0453,5.927446954141,N20320731_40
note,2032-08-15,0.0275,90.6875,90.71875,90.71875,0.0454,5.968514715947981,N20320815_28
note,2032-08-31,0.0388,96.5,96.5625,96.5625,0.0454,6.012320328542095,N20320831_39
note,2032-09-30,0.0388,96.4375,96.5,96.5,0.0454,6.094455852156058,N20320930_39
note,2032-10-31,0.0375,95.6875,95.71875,95.71875,0.0455,6.179329226557153,N20321031_38
note,2032-11-15,0.041299999999999996,97.6875,97.71875,97.71875,0.0455,6.220396988364135,N20321115_41
note,2032-11-30,0.0375,95.625,95.65625,95.65625,0.0455,6.261464750171116,N20321130_38
note,2032-12-31,0.0388,96.25,96.28125,96.28125,0.0455,6.346338124572211,N20321231_39
note,2033-01-31,0.04,96.875,96.90625,96.90625,0.045599999999999995,6.431211498973306,N20330131_40
note,2033-02-15,0.035,94.03125,94.09375,94.09375,0.045700000000000005,6.4722792607802875,N20330215_35
note,2033-02-28,0.0375,95.4375,95.46875,95.46875,0.045599999999999995,6.507871321013004,N20330228_38
note,2033-03-31,0.0425,98.1875,98.21875,98.21875,0.045599999999999995,6.5927446954141,N20330331_42
note,2033-04-30,0.041299999999999996,97.40625,97.46875,97.46875,0.045700000000000005,6.674880219028063,N20330430_41
note,2033-05-15,0.0338,93.0625,93.09375,93.09375,0.0458,6.715947980835044,N20330515_34
note,2033-05-31,0.0425,98.0625,98.125,98.125,0.0458,6.759753593429158,N20330531_42
note,2033-06-30,0.0425,98.03125,98.09375,98.09375,0.0458,6.841889117043121,N20330630_42
note,2033-07-31,0.0438,98.71875,98.75,98.75,0.045899999999999996,6.926762491444216,N20330731_44
note,2033-08-15,0.0388,95.71875,95.78125,95.78125,0.045899999999999996,6.967830253251198,N20330815_39
note,2033-11-15,0.045,99.3125,99.375,99.375,0.046,7.219712525667351,N20331115_45
note,2034-02-15,0.04,96.0625,96.125,96.125,0.0462,7.471594798083505,N20340215_40
note,2034-05-15,0.0438,98.34375,98.40625,98.40625,0.0462,7.715263518138261,N20340515_44
note,2034-08-15,0.0388,94.875,94.9375,94.9375,0.0464,7.967145790554415,N20340815_39
note,2034-11-15,0.0425,97.1875,97.25,97.25,0.0466,8.219028062970569,N20341115_42
note,2035-02-15,0.0463,99.65625,99.71875,99.71875,0.0467,8.470910335386721,N20350215_46
note,2035-05-15,0.0425,96.9375,97.0,97.0,0.0467,8.714579055441478,N20350515_42
note,2035-08-15,0.0425,96.78125,96.84375,96.84375,0.046900000000000004,8.966461327857632,N20350815_42
note,2035-11-15,0.04,94.78125,94.84375,94.84375,0.046900000000000004,9.218343600273785,N20351115_40
note,2036-02-15,0.041299999999999996,95.5625,95.625,95.625,0.047,9.470225872689939,N20360215_41
note,2036-02-15,0.045,99.09375,99.15625,99.15625,0.0461,9.470225872689939,N20360215_45
note,2036-05-15,0.0438,97.34375,97.40625,97.40625,0.0471,9.716632443531827,N20360515_44
note,2036-08-15,0.0463,99.1875,99.25,99.25,0.0472,9.96851471594798,N20360815_46
bond,2037-02-15,0.0475,100.53125,100.59375,100.59375,0.046799999999999994,10.472279260780287,B20370215_48
bond,2037-05-15,0.05,102.625,102.6875,102.6875,0.046799999999999994,10.715947980835045,B20370515_50
bond,2038-02-15,0.0438,97.0,97.0625,97.0625,0.0471,11.471594798083505,B20380215_44
bond,2038-05-15,0.045,97.71875,97.78125,97.78125,0.0475,11.715263518138261,B20380515_45
bond,2039-02-15,0.035,87.78125,87.84375,87.84375,0.0481,12.470910335386721,B20390215_35
bond,2039-05-15,0.0425,94.25,94.3125,94.3125,0.048499999999999995,12.714579055441478,B20390515_42
bond,2039-08-15,0.045,96.25,96.3125,96.3125,0.0489,12.966461327857632,B20390815_45
bond,2039-11-15,0.0438,94.78125,94.84375,94.84375,0.049100000000000005,13.218343600273785,B20391115_44
bond,2040-02-15,0.0463,97.03125,97.09375,97.09375,0.0492,13.470225872689939,B20400215_46
bond,2040-05-15,0.0113,61.78125,61.84375,61.84375,0.05,13.716632443531827,B20400515_11
bond,2040-05-15,0.0438,94.375,94.4375,94.4375,0.049400000000000006,13.716632443531827,B20400515_44
bond,2040-08-15,0.0113,61.09375,61.15625,61.15625,0.050300000000000004,13.96851471594798,B20400815_11
bond,2040-08-15,0.0388,89.09375,89.15625,89.15625,0.0496,13.96851471594798,B20400815_39
bond,2040-11-15,0.0138,63.0,63.0625,63.0625,0.050499999999999996,14.220396988364135,B20401115_14
bond,2040-11-15,0.0425,92.625,92.6875,92.6875,0.049699999999999994,14.220396988364135,B20401115_42
bond,2041-02-15,0.018799999999999997,67.625,67.6875,67.6875,0.050499999999999996,14.472279260780287,B20410215_19
bond,2041-02-15,0.0475,97.4375,97.5,97.5,0.05,14.472279260780287,B20410215_48
bond,2041-05-15,0.0225,71.0,71.0625,71.0625,0.0507,14.715947980835045,B20410515_22
bond,2041-05-15,0.0438,93.34375,93.40625,93.40625,0.0501,14.715947980835045,B20410515_44
bond,2041-08-15,0.0175,65.21875,65.28125,65.28125,0.0509,14.967830253251197,B20410815_18
bond,2041-08-15,0.0375,86.5,86.5625,86.5625,0.0504,14.967830253251197,B20410815_38
bond,2041-11-15,0.0313,79.46875,79.53125,79.53125,0.0507,15.219712525667351,B20411115_31
bond,2041-11-30,0.02,67.34375,67.40625,67.40625,0.051100000000000007,15.260780287474333,B20411130_20
bond,2042-02-15,0.023799999999999998,70.875,70.9375,70.9375,0.0512,15.471594798083505,B20420215_24
bond,2042-02-15,0.0313,79.0625,79.125,79.125,0.0509,15.471594798083505,B20420215_31
bond,2042-05-15,0.03,77.3125,77.375,77.375,0.051100000000000007,15.715263518138261,B20420515_30
bond,2042-05-15,0.0325,80.0,80.0625,80.0625,0.051100000000000007,15.715263518138261,B20420515_32
bond,2042-08-15,0.0275,74.1875,74.25,74.25,0.0513,15.967145790554415,B20420815_28
bond,2042-08-15,0.0338,81.03125,81.09375,81.09375,0.0512,15.967145790554415,B20420815_34
bond,2042-11-15,0.0275,73.8125,73.875,73.875,0.051500000000000004,16.21902806297057,B20421115_28
bond,2042-11-15,0.04,87.625,87.6875,87.6875,0.0513,16.21902806297057,B20421115_40
bond,2043-02-15,0.0313,77.59375,77.65625,77.65625,0.051500000000000004,16.470910335386723,B20430215_31
bond,2043-02-15,0.0388,85.96875,86.03125,86.03125,0.051399999999999994,16.470910335386723,B20430215_39
bond,2043-05-15,0.0288,74.46875,74.53125,74.53125,0.051699999999999996,16.71457905544148,B20430515_29
bond,2043-05-15,0.0388,85.71875,85.78125,85.78125,0.051500000000000004,16.71457905544148,B20430515_39
bond,2043-08-15,0.0363,82.625,82.6875,82.6875,0.051699999999999996,16.966461327857633,B20430815_36
bond,2043-08-15,0.0438,91.21875,91.28125,91.28125,0.051500000000000004,16.966461327857633,B20430815_44
bond,2043-11-15,0.0375,83.84375,83.90625,83.90625,0.051699999999999996,17.218343600273784,B20431115_38
bond,2043-11-15,0.0475,95.34375,95.40625,95.40625,0.051500000000000004,17.218343600273784,B20431115_48
bond,2044-02-15,0.0363,82.125,82.1875,82.1875,0.0519,17.470225872689937,B20440215_36
bond,2044-02-15,0.045,92.28125,92.34375,92.34375,0.051699999999999996,17.470225872689937,B20440215_45
bond,2044-05-15,0.0338,79.0,79.0625,79.0625,0.052000000000000005,17.71663244353183,B20440515_34
bond,2044-05-15,0.0463,93.625,93.6875,93.6875,0.051699999999999996,17.71663244353183,B20440515_46
bond,2044-08-15,0.0313,75.78125,75.84375,75.84375,0.0521,17.968514715947983,B20440815_31
bond,2044-08-15,0.041299999999999996,87.5625,87.625,87.625,0.0519,17.968514715947983,B20440815_41
bond,2044-11-15,0.03,74.03125,74.09375,74.09375,0.052199999999999996,18.220396988364133,B20441115_30
bond,2044-11-15,0.0463,93.34375,93.40625,93.40625,0.0519,18.220396988364133,B20441115_46
bond,2045-02-15,0.025,67.78125,67.84375,67.84375,0.0524,18.472279260780287,B20450215_25
bond,2045-02-15,0.0475,94.75,94.8125,94.8125,0.0519,18.472279260780287,B20450215_48
bond,2045-05-15,0.03,73.46875,73.53125,73.53125,0.052300000000000006,18.715947980835043,B20450515_30
bond,2045-05-15,0.05,97.625,97.6875,97.6875,0.052000000000000005,18.715947980835043,B20450515_50
bond,2045-08-15,0.0288,71.65625,71.71875,71.71875,0.0525,18.967830253251197,B20450815_29
bond,2045-08-15,0.048799999999999996,96.03125,96.09375,96.09375,0.052000000000000005,18.967830253251197,B20450815_49
bond,2045-11-15,0.03,72.96875,73.03125,73.03125,0.0524,19.21971252566735,B20451115_30
bond,2045-11-15,0.0463,92.90625,92.96875,92.96875,0.0521,19.21971252566735,B20451115_46
bond,2046-02-15,0.025,66.5625,66.625,66.625,0.0526,19.471594798083505,B20460215_25
bond,2046-02-15,0.0463,92.8125,92.875,92.875,0.0521,19.471594798083505,B20460215_46
bond,2046-05-15,0.025,66.3125,66.375,66.375,0.0526,19.71526351813826,B20460515_25
bond,2046-05-15,0.05,97.40625,97.46875,97.46875,0.0521,19.71526351813826,B20460515_50
bond,2046-08-15,0.0225,62.875,62.9375,62.9375,0.0528,19.967145790554415,B20460815_22
bond,2046-08-15,0.0513,98.9375,99.0,99.0,0.0521,19.967145790554415,B20460815_51
bond,2046-11-15,0.0288,70.4375,70.5,70.5,0.0526,20.21902806297057,B20461115_29
bond,2047-02-15,0.03,71.8125,71.875,71.875,0.0526,20.470910335386723,B20470215_30
bond,2047-05-15,0.03,71.59375,71.65625,71.65625,0.0526,20.71457905544148,B20470515_30
bond,2047-08-15,0.0275,68.15625,68.21875,68.21875,0.0527,20.966461327857633,B20470815_28
bond,2047-11-15,0.0275,67.90625,67.96875,67.96875,0.0528,21.218343600273784,B20471115_28
bond,2048-02-15,0.03,70.90625,70.96875,70.96875,0.0528,21.470225872689937,B20480215_30
bond,2048-05-15,0.0313,72.375,72.4375,72.4375,0.0527,21.71663244353183,B20480515_31
bond,2048-08-15,0.03,70.5625,70.625,70.625,0.0528,21.968514715947983,B20480815_30
bond,2048-11-15,0.0338,75.3125,75.375,75.375,0.0527,22.220396988364133,B20481115_34
bond,2049-02-15,0.03,70.1875,70.25,70.25,0.0528,22.472279260780287,B20490215_30
bond,2049-05-15,0.0288,68.34375,68.40625,68.40625,0.0528,22.715947980835043,B20490515_29
bond,2049-08-15,0.0225,59.75,59.8125,59.8125,0.053,22.967830253251197,B20490815_22
bond,2049-11-15,0.023799999999999998,61.1875,61.25,61.25,0.0529,23.21971252566735,B20491115_24
bond,2050-02-15,0.02,55.9375,56.0,56.0,0.053,23.471594798083505,B20500215_20
bond,2050-05-15,0.0125,45.625,45.6875,45.6875,0.053,23.71526351813826,B20500515_12
bond,2050-08-15,0.0138,46.9375,47.0,47.0,0.053099999999999994,23.967145790554415,B20500815_14
bond,2050-11-15,0.0163,50.0625,50.125,50.125,0.053099999999999994,24.21902806297057,B20501115_16
bond,2051-02-15,0.018799999999999997,53.25,53.3125,53.3125,0.053,24.470910335386723,B20510215_19
bond,2051-05-15,0.023799999999999998,59.96875,60.03125,60.03125,0.0529,24.71457905544148,B20510515_24
bond,2051-08-15,0.02,54.5625,54.625,54.625,0.053,24.966461327857633,B20510815_20
bond,2051-11-15,0.018799999999999997,52.5625,52.625,52.625,0.053,25.218343600273784,B20511115_19
bond,2052-02-15,0.0225,57.6875,57.75,57.75,0.0529,25.470225872689937,B20520215_22
bond,2052-05-15,0.0288,66.375,66.4375,66.4375,0.0528,25.71663244353183,B20520515_29
bond,2052-08-15,0.03,68.0,68.0625,68.0625,0.0527,25.968514715947983,B20520815_30
bond,2052-11-15,0.04,82.15625,82.21875,82.21875,0.0526,26.220396988364133,B20521115_40
bond,2053-02-15,0.0363,76.75,76.8125,76.8125,0.0526,26.472279260780287,B20530215_36
bond,2053-05-15,0.0363,76.6875,76.75,76.75,0.0526,26.715947980835043,B20530515_36
bond,2053-08-15,0.041299999999999996,83.84375,83.90625,83.90625,0.0525,26.967830253251197,B20530815_41
bond,2053-11-15,0.0475,92.90625,92.96875,92.96875,0.0524,27.21971252566735,B20531115_48
bond,2054-02-15,0.0425,85.59375,85.65625,85.65625,0.0524,27.471594798083505,B20540215_42
bond,2054-05-15,0.0463,91.09375,91.15625,91.15625,0.052300000000000006,27.71526351813826,B20540515_46
bond,2054-08-15,0.0425,85.5625,85.625,85.625,0.0524,27.967145790554415,B20540815_42
bond,2054-11-15,0.045,89.21875,89.28125,89.28125,0.052300000000000006,28.21902806297057,B20541115_45
bond,2055-02-15,0.0463,91.0625,91.125,91.125,0.052300000000000006,28.470910335386723,B20550215_46
bond,2055-05-15,0.0475,92.9375,93.0,93.0,0.052199999999999996,28.71457905544148,B20550515_48
bond,2055-08-15,0.0475,92.9375,93.0,93.0,0.052199999999999996,28.966461327857633,B20550815_48
bond,2055-11-15,0.0463,91.0625,91.125,91.125,0.052199999999999996,29.218343600273784,B20551115_46
bond,2056-02-15,0.0475,93.0,93.0625,93.0625,0.0521,29.470225872689937,B20560215_48
bond,2056-05-15,0.05,96.84375,96.90625,96.90625,0.0521,29.71663244353183,B20560515_50
bond,2056-08-15,0.0513,98.71875,98.78125,98.78125,0.0521,29.968514715947983,B20560815_51
